RewriteEngine On
RewriteBase /
# Redirige sitemap-index.xml a sitemap-index.xml.php
RewriteRule ^sitemap-index\.xml$ sitemap-index.xml.php [L]

# Redirige todos los sitemaps de idiomas, como sitemap-en.xml, sitemap-es.xml, etc., a sus archivos PHP correspondientes
RewriteRule ^sitemap-([a-z]{2})\.xml$ sitemap-$1.xml.php [L]

# Si la solicitud no es para un archivo existente ni un directorio, redirige a 'index.html'
RewriteCond %{REQUEST_FILENAME} !-f
RewriteCond %{REQUEST_FILENAME} !-d
RewriteRule . /index.html [L]


#Redirecciones
Redirect 301 "/en/history-article-archives" "/en/history-archives"

Redirect 301 "/mesopotamia-iv-millenni" "/ca/article/mesopotamia-iv-millenni"
Redirect 301 "/mesopotamia-antiguo-egipto-iv-iii-milenio" "/es/article/mesopotamia-antiguo-egipto-iv-iii-milenio"
Redirect 301 "/mesopotamia-egypt-4-3-millennium" "/en/article/mesopotamia-egypt-4-3-millennium"
Redirect 301 "/mesopotamie-egypte-ancienne-iv-iii-millenaires" "/fr/article/mesopotamie-egypte-ancienne-iv-iii-millenaires"
Redirect 301 "/antiga-grecia-epoca-arcaica" "/ca/article/antiga-grecia-epoca-arcaica"
Redirect 301 "/la-antigua-grecia-en-la-epoca-arcaica" "/es/article/la-antigua-grecia-en-la-epoca-arcaica"
Redirect 301 "/archaic-age-in-ancient-greek-history" "/en/article/archaic-age-in-ancient-greek-history"
Redirect 301 "/fr/la-revision-du-traite-de-versailles" "/fr/article/la-revision-du-traite-de-versailles"
Redirect 301 "/fr/declin-empire-romain" "/fr/article/declin-empire-romain"
Redirect 301 "/en/congreso-de-viena" "/es/article/congreso-de-viena"
Redirect 301 "/en/the-revision-of-the-treaty-of-versailles-and-the-reopening-of-the-conflict-in-europe" "/en/article/the-revision-of-the-treaty-of-versailles-and-the-reopening-of-the-conflict-in-europe"
Redirect 301 "/roma-estat-antic" "/ca/article/roma-estat-antic"
Redirect 301 "/ca/roma-estat-antic" "/ca/article/roma-estat-antic"
Redirect 301 "/colapso-imperio-romano" "/es/article/colapso-imperio-romano"
Redirect 301 "/the-crisis-of-the-3rd-century-and-the-collapse-of-the-roman-empire" "/en/article/the-crisis-of-the-3rd-century-and-the-collapse-of-the-roman-empire"
Redirect 301 "/declin-empire-romain" "/en/article/declin-empire-romain"
Redirect 301 "/fr/declin-empire-romain" "/en/article/declin-empire-romain"
Redirect 301 "/imperi-cristia" "/ca/article/imperi-cristia"
Redirect 301 "/la-conversion-de-constantino-el-imperio-cristiano" "/es/article/la-conversion-de-constantino-el-imperio-cristiano"
Redirect 301 "/the-conversion-of-constantine-the-christian-empire" "/en/article/the-conversion-of-constantine-the-christian-empire"
Redirect 301 "/en/the-conversion-of-constantine-the-christian-empire" "/en/article/the-conversion-of-constantine-the-christian-empire"
Redirect 301 "/conversion-empereur-constantin" "/fr/article/conversion-empereur-constantin"
Redirect 301 "/imperi-invasions-barbares" "/ca/article/imperi-invasions-barbares"
Redirect 301 "/los-reinos-barbaros" "/es/article/los-reinos-barbaros"
Redirect 301 "/after-the-roman-empire-the-barbarian-kingdoms" "/en/article/after-the-roman-empire-the-barbarian-kingdoms"
Redirect 301 "/invasions-barbares-fin-empire" "/fr/article/invasions-barbares-fin-empire"
Redirect 301 "/reforma-i-contrareforma" "/ca/article/careforma-i-contrareforma"
Redirect 301 "/reforma-protestante-y-contrarreforma" "/es/article/reforma-protestante-y-contrarreforma"
Redirect 301 "/the-protestant-reformation-and-the-counter-reformation" "/en/article/the-protestant-reformation-and-the-counter-reformation"
Redirect 301 "/creacio-estat-islamic" "/ca/article/creacio-estat-islamic"
Redirect 301 "/expansion-islam-mediterraneo" "/es/article/expansion-islam-mediterraneo"
Redirect 301 "/expansion-of-islam-in-the-mediterranean-8th-10th-centuries" "/en/article/expansion-of-islam-in-the-mediterranean-8th-10th-centuries"
Redirect 301 "/expansion-de-lislam-des-arabes-et-des-berberes-en-mediterranee-viii-x-siecles" "/fr/article/expansion-de-lislam-des-arabes-et-des-berberes-en-mediterranee-viii-x-siecles"
Redirect 301 "/practiques-agraries-abans-dels-feudals" "/ca/article/practiques-agraries-abans-dels-feudals"
Redirect 301 "/agricultura-alimentacion-campesina-sociedad-prefeudal" "/es/article/agricultura-alimentacion-campesina-sociedad-prefeudal"
Redirect 301 "/peasants-agriculture-and-food-before-the-feudal-revolution" "/en/article/peasants-agriculture-and-food-before-the-feudal-revolution"
Redirect 301 "/haut-moyen-age-societe-et-alimentation-paysanne" "/fr/article/haut-moyen-age-societe-et-alimentation-paysanne"
Redirect 301 "/imperi-carolingi" "/ca/article/imperi-carolingi"
Redirect 301 "/imperio-carolingio-carlomagno" "/es/article/imperio-carolingio-carlomagno"
Redirect 301 "/charlemagne-emperor-the-kingdom-of-the-franks-481-987" "/en/article/charlemagne-emperor-the-kingdom-of-the-franks-481-987"
Redirect 301 "/empire-carolingien" "/fr/article/empire-carolingien"
Redirect 301 "/genesi-ordre-feudal" "/ca/article/genesi-ordre-feudal"
Redirect 301 "/genesis-orden-feudal" "/es/article/genesis-orden-feudal"
Redirect 301 "/the-origins-of-the-new-feudal-system" "/en/article/the-origins-of-the-new-feudal-system"
Redirect 301 "/revolution-feodale-an-1000" "/fr/article/revolution-feodale-an-1000"
Redirect 301 "/esglesia-una-institucio-universal" "/ca/article/esglesia-una-institucio-universal"
Redirect 301 "/cristianismo-institucion-universal-orden-feudal" "/es/article/cristianismo-institucion-universal-orden-feudal"
Redirect 301 "/christianity-universal-institution" "/en/article/christianity-universal-institution"
Redirect 301 "/eglise-institution-universelle" "/fr/article/eglise-institution-universelle"
Redirect 301 "/genesi-monarquies-feudals" "/ca/article/genesi-monarquies-feudals"
Redirect 301 "/origen-monarquias-feudales" "/es/article/origen-monarquias-feudales"
Redirect 301 "/feudal-monarchies" "/en/article/feudal-monarchies"
Redirect 301 "/la-genese-des-monarchies-feodales" "/fr/article/la-genese-des-monarchies-feodales"
Redirect 301 "/les-ciutats-medievals-en-el-feudalisme" "/ca/article/les-ciutats-medievals-en-el-feudalisme"
Redirect 301 "/ciudades-medievales-feudalismo" "/es/article/ciudades-medievales-feudalismo"
Redirect 301 "/medieval-cities-under-feudalism-and-commercial-expansion" "/en/article/medieval-cities-under-feudalism-and-commercial-expansion"
Redirect 301 "/la-questio-del-creixement-medieval" "/ca/article/la-questio-del-creixement-medieval"
Redirect 301 "/el-crecimiento-medieval" "/es/article/el-crecimiento-medieval"
Redirect 301 "/the-question-of-medieval-growth-11th-13th-century" "/en/article/the-question-of-medieval-growth-11th-13th-century"
Redirect 301 "/els-primers-simptomes-de-la-desacceleracio" "/ca/article/els-primers-simptomes-de-la-desacceleracio"
Redirect 301 "/desaceleracion-bajomedieval-siglos-xiii-xiv" "/es/article/desaceleracion-bajomedieval-siglos-xiii-xiv"
Redirect 301 "/the-crisis-of-the-late-middle-ages" "/en/article/the-crisis-of-the-late-middle-ages"
Redirect 301 "/guerra-cent-anys" "/ca/article/guerra-cent-anys"
Redirect 301 "/guerra-de-los-cien-anos" "/es/article/guerra-de-los-cien-anos"
Redirect 301 "/the-hundred-years-war-1337-1453" "/en/article/the-hundred-years-war-1337-1453"
Redirect 301 "/efectes-economics-i-socials-de-la-crisi-baixmedieval" "/ca/article/efectes-economics-i-socials-de-la-crisi-baixmedieval"
Redirect 301 "/efectos-economicos-crisis-bajomedieval" "/es/article/efectos-economicos-crisis-bajomedieval"
Redirect 301 "/economic-social-effects-crisis-late-middle-ages" "/en/article/economic-social-effects-crisis-late-middle-ages"
Redirect 301 "/conflictivitat-social-al-camp-desequilibris-a-la-societat-urbana" "/ca/article/conflictivitat-social-al-camp-desequilibris-a-la-societat-urbana"
Redirect 301 "/revueltas-campesinas-conflictividad-urbana-baja-edad-media" "/es/article/revueltas-campesinas-conflictividad-urbana-baja-edad-media"
Redirect 301 "/peasant-revolts-and-urban-conflicts-in-the-late-middle-ages" "/en/article/peasant-revolts-and-urban-conflicts-in-the-late-middle-ages"
Redirect 301 "/el-cisma-occident" "/ca/article/el-cisma-occident"
Redirect 301 "/ca/el-cisma-occident" "/ca/article/el-cisma-occident"
Redirect 301 "/el-cisma-de-occidente" "/es/article/el-cisma-de-occidente"
Redirect 301 "/the-western-schism-1378-1417" "/en/article/the-western-schism-1378-1417"
Redirect 301 "/bibliografia-historia-medieval" "/ca/article/bibliografia-historia-medieval"
Redirect 301 "/introduccio-historia-moderna-europa" "/ca/article/introduccio-historia-moderna-europa"
Redirect 301 "/introduccion-historia-moderna-europa" "/es/article/introduccion-historia-moderna-europa"
Redirect 301 "/es/introduccion-historia-moderna-europa" "/es/article/introduccion-historia-moderna-europa"
Redirect 301 "/early-modern-europe-introduction" "/en/article/early-modern-europe-introduction"
Redirect 301 "/europe-de-epoque-moderne" "/fr/article/europe-de-epoque-moderne"
Redirect 301 "/economia-segle-xvi" "/ca/article/economia-segle-xvi"
Redirect 301 "/economia-siglo-xvi" "/es/article/economia-siglo-xvi"
Redirect 301 "/16th-century-economy-the-colonial-expansion-agriculture-and-trade" "/en/article/16th-century-economy-the-colonial-expansion-agriculture-and-trade"
Redirect 301 "/economie-xvie-siecle-expansion-coloniale" "/fr/article/economie-xvie-siecle-expansion-coloniale"
Redirect 301 "/comunitats-urbanes-i-rurals-segle-xvi" "/ca/article/comunitats-urbanes-i-rurals-segle-xvi"
Redirect 301 "/comunidades-urbanas-rurales-siglo-xvi" "/es/article/comunidades-urbanas-rurales-siglo-xvi"
Redirect 301 "/cities-and-countryside-in-16th-century-europe" "/en/article/cities-and-countryside-in-16th-century-europe"
Redirect 301 "/humanisme-renaixement" "/ca/article/humanisme-renaixement"
Redirect 301 "/europa-humanismo-renacimiento" "/es/article/europa-humanismo-renacimiento"
Redirect 301 "/renaissance-and-humanism-in-europe" "/en/article/renaissance-and-humanism-in-europe"
Redirect 301 "/aliances-conflictes-1494-1606" "/ca/article/aliances-conflictes-1494-1606"
Redirect 301 "/alliance-system-and-military-conflicts-in-europe-1494-1606" "/en/article/alliance-system-and-military-conflicts-in-europe-1494-1606"
Redirect 301 "/europa-finals-segle-xviii" "/ca/article/europa-finals-segle-xviii"
Redirect 301 "/europa-finales-siglo-xviii" "/es/article/europa-finales-siglo-xviii"
Redirect 301 "/europe-end-18th-century" "/en/article/europe-end-18th-century"
Redirect 301 "/leuropa-e-il-mondo-coloniale-alla-fine-del-xviii-secolo" "/it/article/leuropa-e-il-mondo-coloniale-alla-fine-del-xviii-secolo"
Redirect 301 "/europe-et-le-monde-colonial-a-la-fin-du-xviiie-siecle" "/fr/article/europe-et-le-monde-colonial-a-la-fin-du-xviiie-siecle"
Redirect 301 "/era-napoleonica" "/ca/article/era-napoleonica"
Redirect 301 "/ca/era-napoleonica" "/ca/article/era-napoleonica"
Redirect 301 "/era-napoleonica-1799-1815" "/es/article/era-napoleonica-1799-1815"
Redirect 301 "/napoleonic-era" "/en/article/napoleonic-era"
Redirect 301 "/en/napoleonic-era" "/en/article/napoleonic-era"
Redirect 301 "/eta-napoleonica-1799-1815" "/it/article/eta-napoleonica-1799-1815"
Redirect 301 "/ere-napoleonienne-1799-1815" "/fr/article/ere-napoleonienne-1799-1815"
Redirect 301 "/congres-de-viena-restauracio-ordre" "/ca/article/congres-de-viena-restauracio-ordre"
Redirect 301 "/congreso-de-viena" "/es/article/congreso-de-viena"
Redirect 301 "/the-congress-of-vienna" "/en/article/the-congress-of-vienna"
Redirect 301 "/il-congresso-di-vienna-e-la-restaurazione-dellordine-europeo" "/it/article/il-congresso-di-vienna-e-la-restaurazione-dellordine-europeo"
Redirect 301 "/le-congres-de-vienne" "/fr/article/le-congres-de-vienne"
Redirect 301 "/transformacions-economiques-segle-xix" "/ca/article/transformacions-economiques-segle-xix"
Redirect 301 "/cambios-sociales-economicos-siglo-xix" "/es/article/cambios-sociales-economicos-siglo-xix"
Redirect 301 "/social-economic-changes-19th-century" "/en/article/social-economic-changes-19th-century"
Redirect 301 "/cambiamenti-sociali-ed-economici-nel-xix-secolo" "/it/article/cambiamenti-sociali-ed-economici-nel-xix-secolo"
Redirect 301 "/changements-sociaux-et-economiques-au-xixe-siecle" "/fr/article/changements-sociaux-et-economiques-au-xixe-siecle"
Redirect 301 "/liberalisme-nacionalisme-segle-xix" "/ca/article/liberalisme-nacionalisme-segle-xix"
Redirect 301 "/liberalismo-nacionalismo-siglo-xix" "/es/article/liberalismo-nacionalismo-siglo-xix"
Redirect 301 "/liberalism-and-nationalism-in-the-19th-century" "/en/article/liberalism-and-nationalism-in-the-19th-century"
Redirect 301 "/liberalismo-e-nazionalismo-durante-il-xix-secolo" "/it/article/liberalismo-e-nazionalismo-durante-il-xix-secolo"
Redirect 301 "/liberalisme-nationalisme-xixe-siecle" "/fr/article/liberalisme-nationalisme-xixe-siecle"
Redirect 301 "/revolucions-1820-1830-1848" "/ca/article/revolucions-1820-1830-1848"
Redirect 301 "/revoluciones-1820-1830-1848" "/es/article/revoluciones-1820-1830-1848"
Redirect 301 "/the-revolutions-of-1820-1830-1848" "/en/article/the-revolutions-of-1820-1830-1848"
Redirect 301 "/le-rivoluzioni-del-1820-1830-1848" "/it/article/le-rivoluzioni-del-1820-1830-1848"
Redirect 301 "/nacionalisme-unificacio-italia-alemanya" "/ca/article/nacionalisme-unificacio-italia-alemanya"
Redirect 301 "/nacionalismo-unificacion-italia-alemania" "/es/article/nacionalismo-unificacion-italia-alemania"
Redirect 301 "/nationalism-unification-italy-germany" "/en/article/nationalism-unification-italy-germany"
Redirect 301 "/nazionalismo-unificazione-italia-germania" "/it/article/nazionalismo-unificazione-italia-germania"
Redirect 301 "/nationalisme-unification-italie-allemagne" "/fr/article/nationalisme-unification-italie-allemagne"
Redirect 301 "/transformacions-economiques-segle-xx" "/ca/article/transformacions-economiques-segle-xx"
Redirect 301 "/cambios-economicos-siglo-xx" "/es/article/cambios-economicos-siglo-xx"
Redirect 301 "/economic-changes-20th-century" "/en/article/economic-changes-20th-century"
Redirect 301 "/cambiamenti-economici-nel-xx-secolo" "/it/article/cambiamenti-economici-nel-xx-secolo"
Redirect 301 "/changements-economiques-xxe-siecle" "/fr/article/changements-economiques-xxe-siecle"
Redirect 301 "/creixement-demografic" "/ca/article/creixement-demografic"
Redirect 301 "/crecimiento-demografico" "/es/article/crecimiento-demografico"
Redirect 301 "/population-growth" "/en/article/population-growth"
Redirect 301 "/crescita-demografica" "/it/article/crescita-demografica"
Redirect 301 "/croissance-demographique" "/fr/article/croissance-demographique"
Redirect 301 "/societat-temps-llibre" "/ca/article/societat-temps-llibre"
Redirect 301 "/sociedad-tiempo-libre" "/es/article/sociedad-tiempo-libre"
Redirect 301 "/society-leisure-time" "/en/article/society-leisure-time"
Redirect 301 "/societa-tempo-libero" "/it/article/societa-tempo-libero"
Redirect 301 "/societe-temps-libre" "/fr/article/societe-temps-libre"
Redirect 301 "/the-urban-process" "/en/article/the-urban-process"
Redirect 301 "/il-processo-urbano" "/it/article/il-processo-urbano"
Redirect 301 "/le-processus-urbain" "/fr/article/le-processus-urbain"
Redirect 301 "/canvi-tecnologic" "/ca/article/canvi-tecnologic"
Redirect 301 "/cambio-tecnologico" "/es/article/cambio-tecnologico"
Redirect 301 "/technological-change" "/en/article/technological-change"
Redirect 301 "/cambiamento-tecnologico" "/it/article/cambiamento-tecnologico"
Redirect 301 "/changement-technologique" "/fr/article/changement-technologique"
Redirect 301 "/revolucio-transport" "/ca/article/revolucio-transport"
Redirect 301 "/revolucion-transporte" "/es/article/revolucion-transporte"
Redirect 301 "/transport-revolution" "/en/article/transport-revolution"
Redirect 301 "/rivoluzione-dei-trasporti" "/it/article/rivoluzione-dei-trasporti"
Redirect 301 "/revolution-des-transports" "/fr/article/revolution-des-transports"
Redirect 301 "/societat-canvi-segle-xx" "/ca/article/societat-canvi-segle-xx"
Redirect 301 "/sociedad-cambio-siglo-xx" "/es/article/sociedad-cambio-siglo-xx"
Redirect 301 "/society-change-20th-century" "/en/article/society-change-20th-century"
Redirect 301 "/societa-cambiamento-xx-secolo" "/it/article/societa-cambiamento-xx-secolo"
Redirect 301 "/societe-changement-xxe-siecle" "/fr/article/societe-changement-xxe-siecle"
Redirect 301 "/guerres-mundials" "/ca/article/guerres-mundials"
Redirect 301 "/guerras-mundiales" "/es/article/guerras-mundiales"
Redirect 301 "/revolution-russa-i-urss" "/ca/article/revolution-russa-i-urss"
Redirect 301 "/revolucion-rusa-y-urss" "/es/article/revolucion-rusa-y-urss"
Redirect 301 "/russian-revolution-and-ussr" "/en/article/russian-revolution-and-ussr"
Redirect 301 "/rivoluzione-russa-e-urss" "/it/article/rivoluzione-russa-e-urss"
Redirect 301 "/revolution-russe-et-urss" "/fr/article/revolution-russe-et-urss"
Redirect 301 "/problemes-i-debats-segle-xx" "/ca/article/problemes-i-debats-segle-xx"
Redirect 301 "/problemas-y-debates-siglo-xx" "/es/article/problemas-y-debates-siglo-xx"
Redirect 301 "/problems-and-debates-20th-century" "/en/article/problems-and-debates-20th-century"
Redirect 301 "/problemi-e-dibattiti-xx-secolo" "/it/article/problemi-e-dibattiti-xx-secolo"
Redirect 301 "/problemes-et-debats-xxe-siecle" "/fr/article/problemes-et-debats-xxe-siecle"

Redirect 301 "/en/revoluciones-1820-1830-1848" "/es/article/revoluciones-1820-1830-1848"
Redirect 301 "/en/era-napoleonica-1799-1815" "/es/article/era-napoleonica-1799-1815"
Redirect 301 "/en/timeline-of-contemporary-period" "/en/article/timeline-of-contemporary-period"
Redirect 301 "/en/revueltas-campesinas-conflictividad-urbana-baja-edad-media" "/es/article/revueltas-campesinas-conflictividad-urbana-baja-edad-media"
Redirect 301 "/es/conferencias-de-paz-segunda-guerra-mundial/" "/es/article/conferencias-de-paz-segunda-guerra-mundial/"
Redirect 301 "/es/economia-siglo-xvi/" "/es/article/economia-siglo-xvi/"
Redirect 301 "/es/cronologia-edad-contemporanea/" "/es/article/cronologia-edad-contemporanea/"
Redirect 301 "/es/clases-sociales-espana-siglo-xix/" "/es/article/clases-sociales-espana-siglo-xix/"
Redirect 301 "/es/revoluciones-1820-1830-1848/" "/es/article/revoluciones-1820-1830-1848/"
Redirect 301 "/en/europa-finales-siglo-xviii" "/es/article/europa-finales-siglo-xviii"
Redirect 301 "/en/empires-and-colonialism-in-the-19th-century" "/en/article/empires-and-colonialism-in-the-19th-century"
Redirect 301 "/en/conferencias-de-paz-segunda-guerra-mundial" "/es/article&conferencias-de-paz-segunda-guerra-mundial"
Redirect 301 "/es/cronologia-historia-del-mundo-actual/" "/es/article/cronologia-historia-del-mundo-actual/"
Redirect 301 "/en/social-economic-changes-19th-century" "/en/article/social-economic-changes-19th-century"
Redirect 301 "/es/ciudades-medievales-feudalismo/" "/es/article/ciudades-medievales-feudalismo/"
Redirect 301 "/en/la-conversion-de-constantino-el-imperio-cristiano" "/es/article/la-conversion-de-constantino-el-imperio-cristiano"
Redirect 301 "/en/europa-humanismo-renacimiento" "/es/article/europa-humanismo-renacimiento"
Redirect 301 "/es/el-cisma-de-occidente/" "/es/article/el-cisma-de-occidente/"
Redirect 301 "/en/ascenso-poder-fascismo-italia" "/es/article/ascenso-poder-fascismo-italia"
Redirect 301 "/es/las-trece-colonias-britanicas/" "/es/article/las-trece-colonias-britanicas/"
Redirect 301 "/en/the-crisis-of-the-late-middle-ages" "/en/article/the-crisis-of-the-late-middle-ages"
Redirect 301 "/en/liberalism-and-nationalism-in-the-19th-century" "/en/article/liberalism-and-nationalism-in-the-19th-century"
Redirect 301 "/en/cities-and-countryside-in-16th-century-europe" "/en/article/cities-and-countryside-in-16th-century-europe"
Redirect 301 "/es/cristobal-colon-travesia-atlantico/" "/es/article/cristobal-colon-travesia-atlantico/"
Redirect 301 "/en/timeline-late-modern-period" "/en/article/timeline-late-modern-period"
Redirect 301 "/en/guerra-independencia-espanola-1808-1814" "/es/article/guerra-independencia-espanola-1808-1814"
Redirect 301 "/es/ilustracion-espanola-siglo-xviii/" "/es/article/ilustracion-espanola-siglo-xviii/"
Redirect 301 "/en/medieval-cities-under-feudalism-and-commercial-expansion" "/en/article/medieval-cities-under-feudalism-and-commercial-expansion"
Redirect 301 "/en/mapa-territorial-europa-de-entreguerras" "/es/article/mapa-territorial-europa-de-entreguerras"
Redirect 301 "/en/16th-century-economy-the-colonial-expansion-agriculture-and-trade" "/en/article/16th-century-economy-the-colonial-expansion-agriculture-and-trade"
Redirect 301 "/en/edad-media-peninsula-iberica" "/es/article/edad-media-peninsula-iberica"
Redirect 301 "/es/mesopotamia-antiguo-egipto-iv-iii-milenio/" "/es/article/mesopotamia-antiguo-egipto-iv-iii-milenio/"
Redirect 301 "/en/territorial-changes-interwar-europe" "/en/article/territorial-changes-interwar-europe"
Redirect 301 "/en/europe-end-18th-century" "/en/article/europe-end-18th-century"
Redirect 301 "/en/christianity-universal-institution" "/en/article/christianity-universal-institution"
Redirect 301 "/es/origen-monarquias-feudales/" "/es/article/origen-monarquias-feudales/"
Redirect 301 "/en/peasant-revolts-and-urban-conflicts-in-the-late-middle-ages" "/en/article/peasant-revolts-and-urban-conflicts-in-the-late-middle-ages"
Redirect 301 "/es/economia-espana-siglo-xix/" "/es/article/economia-espana-siglo-xix/"
Redirect 301 "/es/comunidades-urbanas-rurales-siglo-xvi/" "/es/article/omunidades-urbanas-rurales-siglo-xvi/"
Redirect 301 "/en/constitucion-estados-unidos-america-1787" "/es/article/constitucion-estados-unidos-america-1787"
Redirect 301 "/en/expansion-capitalismo-industrial" "/es/article/expansion-capitalismo-industrial"
Redirect 301 "/es/expansion-capitalismo-industrial/" "/es/article/expansion-capitalismo-industrial/"
Redirect 301 "/en/el-crecimiento-medieval" "/es/article/el-crecimiento-medieval"
Redirect 301 "/en/the-revolutions-of-1820-1830-and-1848" "/en/article/the-revolutions-of-1820-1830-and-1848"
Redirect 301 "/en/the-congress-of-vienna" "/en/article/the-congress-of-vienna"
Redirect 301 "/es/el-antiguo-oriente-proximo-en-el-ii-milenio/" "/es/article/el-antiguo-oriente-proximo-en-el-ii-milenio/"
Redirect 301 "/es/guerra-de-los-cien-anos/" "/es/article/guerra-de-los-cien-anos/"
Redirect 301 "/es/la-antigua-grecia-en-la-epoca-arcaica/" "/es/article/la-antigua-grecia-en-la-epoca-arcaica/"
Redirect 301 "/es/el-antiguo-oriente-proximo-en-el-i-milenio/" "/es/article/el-antiguo-oriente-proximo-en-el-i-milenio/"
Redirect 301 "/fr/conversion-empereur-constantin/" "/fr/article/conversion-empereur-constantin/"
Redirect 301 "/es/europa-de-bismarck-alianzas/" "/es/article/europa-de-bismarck-alianzas/"
Redirect 301 "/es/imperio-carolingio-carlomagno/" "/es/article/imperio-carolingio-carlomagno/"
Redirect 301 "/en/expansion-islam-mediterraneo" "/en/article/expansion-islam-mediterraneo"
Redirect 301 "/en/archaic-age-in-ancient-greek-history" "/en/article/archaic-age-in-ancient-greek-history"
Redirect 301 "/en/la-union-liberal-isabel-ii" "/es/article/la-union-liberal-isabel-ii"
Redirect 301 "/es/macartismo-persecucion-enemigos-interiores/" "/es/article/macartismo-persecucion-enemigos-interiores/"
Redirect 301 "/en/renaissance-and-humanism-in-europe" "/en/article/renaissance-and-humanism-in-europe"
Redirect 301 "/en/el-desastre-del-98" "/es/article/el-desastre-del-98"
Redirect 301 "/en/the-middle-ages-in-the-iberian-peninsula" "/en/article/the-middle-ages-in-the-iberian-peninsula"
Redirect 301 "/en/the-question-of-medieval-growth-11th-13th-century" "/en/article/the-question-of-medieval-growth-11th-13th-century"
Redirect 301 "/es/el-crecimiento-medieval/" "/es/article/el-crecimiento-medieval/"
Redirect 301 "/en/europa-periodio-entreguerras" "/es/article/europa-periodio-entreguerras"
Redirect 301 "/en/construccion-ideologica-guerra-fria" "/es/article/construccion-ideologica-guerra-fria"
Redirect 301 "/es/reforma-protestante-y-contrarreforma/" "/es/article/reforma-protestante-y-contrarreforma/"
Redirect 301 "/en/the-development-of-the-modern-capitalism-on-the-19th-century" "/en/article/the-development-of-the-modern-capitalism-on-the-19th-century"
Redirect 301 "/en/economic-social-effects-crisis-late-middle-ages" "/en/article/economic-social-effects-crisis-late-middle-ages"
Redirect 301 "/en/the-hundred-years-war-1337-1453" "/en/article/the-hundred-years-war-1337-1453"
Redirect 301 "/es/economia-espanola-bajo-medieval-siglo-xviii/" "/es/article/economia-espanola-bajo-medieval-siglo-xviii/"
Redirect 301 "/en/the-portuguese-discoveries" "/en/article/the-portuguese-discoveries"
Redirect 301 "/ca/imperi-carolingi/" "/ca/article/imperi-carolingi/"
Redirect 301 "/ca/formacio-comtats-catalans/" "/ca/article/formacio-comtats-catalans/"
Redirect 301 "/en/the-ancient-near-east-in-the-2nd-millennium" "/en/article/the-ancient-near-east-in-the-2nd-millennium"
Redirect 301 "/en/the-western-schism-1378-1417" "/en/article/the-western-schism-1378-1417"
Redirect 301 "/ca/expansio-territorial-corona-arago/" "/ca/article/expansio-territorial-corona-arago/"
Redirect 301 "/en/the-origins-of-the-new-feudal-system" "/en/article/the-origins-of-the-new-feudal-system"
Redirect 301 "/en/charlemagne-emperor-the-kingdom-of-the-franks-481-987" "/en/article/charlemagne-emperor-the-kingdom-of-the-franks-481-987"
Redirect 301 "/en/london" "/en/article/london"
Redirect 301 "/ca/guerra-cent-anys/" "/ca/article/guerra-cent-anys/"
Redirect 301 "/en/liberalismo-nacionalismo-siglo-xix" "/es/article/liberalismo-nacionalismo-siglo-xix"
Redirect 301 "/ca/humanisme-renaixement/" "/ca/article/humanisme-renaixement/"
Redirect 301 "/en/mesopotamia-egypt-4-3-millennium" "/en/article/mesopotamia-egypt-4-3-millennium"
Redirect 301 "/en/expansion-of-islam-in-the-mediterranean-8th-10th-centuries" "/en/article/expansion-of-islam-in-the-mediterranean-8th-10th-centuries"
Redirect 301 "/es/era-napoleonica-1799-1815/" "/es/article/era-napoleonica-1799-1815/"
Redirect 301 "/ca/edat-mitjana-peninsula-iberica/" "/ca/article/edat-mitjana-peninsula-iberica/"
Redirect 301 "/ca/catalunya-antiguitat-tardana/" "/ca/article/catalunya-antiguitat-tardana/"
Redirect 301 "/ca/desenvolupament-de-la-guerra-civil/" "/ca/article/desenvolupament-de-la-guerra-civil/"
Redirect 301 "/en/alliance-system-and-military-conflicts-in-europe-1494-1606" "/en/article/alliance-system-and-military-conflicts-in-europe-1494-1606"
Redirect 301 "/en/restauracion-borbonica-en-cataluna" "/es/article/restauracion-borbonica-en-cataluna"
Redirect 301 "/en/colapso-imperio-romano" "/es/article/colapso-imperio-romano"
Redirect 301 "/en/feudal-monarchies" "/en/article/feudal-monarchies"
Redirect 301 "/en/the-protestant-reformation-and-the-counter-reformation" "/en/article/the-protestant-reformation-and-the-counter-reformation"
Redirect 301 "/en/peasants-agriculture-and-food-before-the-feudal-revolution" "/en/article/peasants-agriculture-and-food-before-the-feudal-revolution"
Redirect 301 "/en/monarquia-hispanica-edad-moderna" "/es/article/monarquia-hispanica-edad-moderna"
Redirect 301 "/es/europa-de-bismarck-alianzas/" "/es/article/europa-de-bismarck-alianzas/"
Redirect 301 "/es/imperio-carolingio-carlomagno/" "/es/article/imperio-carolingio-carlomagno/"
Redirect 301 "/en/expansion-islam-mediterraneo" "/es/article/expansion-islam-mediterraneo"
Redirect 301 "/es/historia-contemporanea-europa/" "/es/article/historia-contemporanea-europa/"
Redirect 301 "/en/archaic-age-in-ancient-greek-history" "/en/article/archaic-age-in-ancient-greek-history"
Redirect 301 "/en/la-union-liberal-isabel-ii" "/es/article/la-union-liberal-isabel-ii"
Redirect 301 "/es/macartismo-persecucion-enemigos-interiores/" "/es/article/macartismo-persecucion-enemigos-interiores/"
Redirect 301 "/en/renaissance-and-humanism-in-europe" "/en/article/renaissance-and-humanism-in-europe"
Redirect 301 "/en/el-desastre-del-98" "/es/article/el-desastre-del-98"
Redirect 301 "/en/the-middle-ages-in-the-iberian-peninsula" "/en/article/the-middle-ages-in-the-iberian-peninsula"
Redirect 301 "/en/the-question-of-medieval-growth-11th-13th-century" "/en/article/the-question-of-medieval-growth-11th-13th-century"
Redirect 301 "/es/el-crecimiento-medieval/" "/es/article/el-crecimiento-medieval/"
Redirect 301 "/en/europa-periodio-entreguerras" "/es/article/europa-periodio-entreguerras"
Redirect 301 "/en/construccion-ideologica-guerra-fria" "/es/article/construccion-ideologica-guerra-fria"
Redirect 301 "/es/reforma-protestante-y-contrarreforma/" "/es/article/reforma-protestante-y-contrarreforma/"
Redirect 301 "/en/the-development-of-the-modern-capitalism-on-the-19th-century" "/en/article/the-development-of-the-modern-capitalism-on-the-19th-century"
Redirect 301 "/en/economic-social-effects-crisis-late-middle-ages" "/en/article/economic-social-effects-crisis-late-middle-ages"
Redirect 301 "/en/the-hundred-years-war-1337-1453" "/en/article/the-hundred-years-war-1337-1453"
Redirect 301 "/es/economia-espanola-bajo-medieval-siglo-xviii/" "/es/article/economia-espanola-bajo-medieval-siglo-xviii/"
Redirect 301 "/en/the-portuguese-discoveries" "/en/article/the-portuguese-discoveries"
Redirect 301 "/ca/imperi-carolingi/" "/ca/article/imperi-carolingi/"
Redirect 301 "/ca/formacio-comtats-catalans/" "/ca/article/formacio-comtats-catalans/"
Redirect 301 "/en/the-ancient-near-east-in-the-2nd-millennium" "/en/article/the-ancient-near-east-in-the-2nd-millennium"
Redirect 301 "/en/the-western-schism-1378-1417" "/en/article/the-western-schism-1378-1417"
Redirect 301 "/ca/expansio-territorial-corona-arago/" "/ca/article/expansio-territorial-corona-arago/"
Redirect 301 "/en/the-origins-of-the-new-feudal-system" "/en/article/the-origins-of-the-new-feudal-system"
Redirect 301 "/en/charlemagne-emperor-the-kingdom-of-the-franks-481-987" "/en/article/charlemagne-emperor-the-kingdom-of-the-franks-481-987"
Redirect 301 "/en/london" "/en/article/london"
Redirect 301 "/en/guerra-cent-anys" "/ca/article/guerra-cent-anys/"
Redirect 301 "/en/liberalismo-nacionalismo-siglo-xix" "/es/article/liberalismo-nacionalismo-siglo-xix"
Redirect 301 "/ca/humanisme-renaixement/" "/ca/article/humanisme-renaixement/"
Redirect 301 "/en/mesopotamia-egypt-4-3-millennium" "/en/article/mesopotamia-egypt-4-3-millennium"
Redirect 301 "/en/expansion-of-islam-in-the-mediterranean-8th-10th-centuries" "/en/article/expansion-of-islam-in-the-mediterranean-8th-10th-centuries"
Redirect 301 "/es/era-napoleonica-1799-1815/" "/es/article/era-napoleonica-1799-1815/"
Redirect 301 "/ca/desenvolupament-de-la-guerra-civil/" "/ca/article/desenvolupament-de-la-guerra-civil/"
Redirect 301 "/en/alliance-system-and-military-conflicts-in-europe-1494-1606" "/en/article/alliance-system-and-military-conflicts-in-europe-1494-1606"
Redirect 301 "/en/restauracion-borbonica-en-cataluna" "/es/article/restauracion-borbonica-en-cataluna"
Redirect 301 "/en/colapso-imperio-romano" "/es/article/colapso-imperio-romano"
Redirect 301 "/en/feudal-monarchies" "/en/article/feudal-monarchies"
Redirect 301 "/en/the-protestant-reformation-and-the-counter-reformation" "/en/article/the-protestant-reformation-and-the-counter-reformation"
Redirect 301 "/en/peasants-agriculture-and-food-before-the-feudal-revolution" "/en/article/peasants-agriculture-and-food-before-the-feudal-revolution"
Redirect 301 "/en/monarquia-hispanica-edad-moderna" "/es/article/monarquia-hispanica-edad-moderna"
Redirect 301 "/ca/porta-de-brandenburg/" "/ca/article/porta-de-brandenburg/"
Redirect 301 "/es/agricultura-alimentacion-campesina-sociedad-prefeudal/" "/es/article/agricultura-alimentacion-campesina-sociedad-prefeudal/"
Redirect 301 "/ca/el-19-de-juliol-de-1936-a-barcelona/" "/ca/article/el-19-de-juliol-de-1936-a-barcelona/"
Redirect 301 "/ca/imperialisme-relacions-internacionals/" "/ca/article/imperialisme-relacions-internacionals/"
Redirect 301 "/ca/cronologia-edat-contemporania/" "/ca/article/cronologia-edat-contemporania/"
Redirect 301 "/es/mancomunidad-de-cataluna/" "/es/article/mancomunidad-de-cataluna/"
Redirect 301 "/es/desaceleracion-bajomedieval-siglos-xiii-xiv/" "/es/article/desaceleracion-bajomedieval-siglos-xiii-xiv/"
Redirect 301 "/ca/imperi-asteca-conquesta/" "/ca/article/imperi-asteca-conquesta/"
Redirect 301 "/ca/les-tretze-colonies-britaniques/" "/ca/article/les-tretze-colonies-britaniques/"
Redirect 301 "/ca/conflictivitat-social-al-camp-desequilibris-a-la-societat-urbana/" "/ca/article/conflictivitat-social-al-camp-desequilibris-a-la-societat-urbana/"
Redirect 301 "/ca/les-arrels-historiques-de-la-peninsula-iberica/" "/ca/article/les-arrels-historiques-de-la-peninsula-iberica/"
Redirect 301 "/ca/revolucions-1820-1830-1848/" "/ca/article/revolucions-1820-1830-1848/"
Redirect 301 "/ca/la-questio-del-creixement-medieval/" "/ca/article/la-questio-del-creixement-medieval/"
Redirect 301 "/es/revueltas-campesinas-conflictividad-urbana-baja-edad-media/" "/es/article/revueltas-campesinas-conflictividad-urbana-baja-edad-media/"
Redirect 301 "/it/cronologia-eta-contemporanea-1789-1945/" "/it/article/cronologia-eta-contemporanea-1789-1945/"
Redirect 301 "/en/fets-octubre-1934" "/ca/article/fets-octubre-1934"
Redirect 301 "/ca/comtats-francs-marca-hispanica/" "/ca/article/comtats-francs-marca-hispanica/"
Redirect 301 "/en/the-ancient-near-east-in-the-1st-millennium" "/en/article/the-ancient-near-east-in-the-1st-millennium"
Redirect 301 "/en/consecuencias-primera-guerra-mundial" "/es/article/consecuencias-primera-guerra-mundial"
Redirect 301 "/en/la-primera-guerra-mundial" "/es/article/la-primera-guerra-mundial"
Redirect 301 "/en/la-guerra-civil-espanola" "/es/article/la-guerra-civil-espanola"
Redirect 301 "/en/guerra-de-los-cien-anos" "/es/article/guerra-de-los-cien-anos"
Redirect 301 "/ca/poblacio-urbana-catalunya-1900/" "/ca/article/poblacio-urbana-catalunya-1900/"
Redirect 301 "/en/after-the-roman-empire-the-barbarian-kingdoms" "/en/article/after-the-roman-empire-the-barbarian-kingdoms"
Redirect 301 "/es/el-muro-de-berlin/" "/es/article/el-muro-de-berlin/"
Redirect 301 "/es/raices-historicas-peninsula-iberica/" "/es/article/raices-historicas-peninsula-iberica/"
Redirect 301 "/en/leuropa-e-il-mondo-coloniale-alla-fine-del-xviii-secolo" "/it/article/leuropa-e-il-mondo-coloniale-alla-fine-del-xviii-secolo"
Redirect 301 "/fr/ere-napoleonienne-1799-1815/" "/fr/article/ere-napoleonienne-1799-1815/"
Redirect 301 "/en/poblacio-urbana-catalunya-1900" "/ca/article/poblacio-urbana-catalunya-1900"
Redirect 301 "/es/el-telegrama-largo/" "/es/article/el-telegrama-largo/"
Redirect 301 "/ca/les-ciutats-medievals-en-el-feudalisme/" "/ca/article/les-ciutats-medievals-en-el-feudalisme/"
Redirect 301 "/ca/antiga-grecia-epoca-arcaica/" "/ca/article/antiga-grecia-epoca-arcaica/"
Redirect 301 "/ca/genesi-ordre-feudal/" "/ca/article/genesi-ordre-feudal/"
Redirect 301 "/it/eta-antica-in-europa-e-medio-oriente/" "/it/article/eta-antica-in-europa-e-medio-oriente/"
Redirect 301 "/es/la-conversion-de-constantino-el-imperio-cristiano/" "/es/article/la-conversion-de-constantino-el-imperio-cristiano/"
Redirect 301 "/es/expansion-islam-mediterraneo/" "/es/article/expansion-islam-mediterraneo/"
Redirect 301 "/fr/europe-du-systeme-bismarck/" "/fr/article/europe-du-systeme-bismarck/"
Redirect 301 "/ca/conferencies-de-pau-segona-guerra-mundial/" "/ca/article/conferencies-de-pau-segona-guerra-mundial/"
Redirect 301 "/ca/viatges-descobriment-portuguesos/" "/ca/article/viatges-descobriment-portuguesos/"
Redirect 301 "/ca/creacio-estat-islamic/" "/ca/article/creacio-estat-islamic/"
Redirect 301 "/fr/espagne-des-lumieres-xviiie-siecle/" "/fr/article/espagne-des-lumieres-xviiie-siecle/"
Redirect 301 "/es/cristianismo-institucion-universal-orden-feudal/" "/es/article/cristianismo-institucion-universal-orden-feudal/"
Redirect 301 "/ca/guerra-civil-batalla-ebre/" "/ca/article/guerra-civil-batalla-ebre/"
Redirect 301 "/ca/economia-espanyola-segle-xix/" "/ca/article/economia-espanyola-segle-xix/"
Redirect 301 "/ca/consequencies-primera-guerra-mundial/" "/ca/article/consequencies-primera-guerra-mundial/"
Redirect 301 "/ca/revolucions-russia-1917" "/ca/article/revolucions-russia-1917"
Redirect 301 "/fr/union-liberale-regne-isabelle-ii/" "/fr/article/union-liberale-regne-isabelle-ii/"
Redirect 301 "/catalunya-autonoma/" "/ca/article/catalunya-autonoma/"
Redirect 301 "/cambiamenti-sociali-ed-economici-nel-xix-secolo/" "/it/article/cambiamenti-sociali-ed-economici-nel-xix-secolo/"
Redirect 301 "/ca/els-primers-simptomes-de-la-desacceleracio/" "/ca/article/els-primers-simptomes-de-la-desacceleracio/"
Redirect 301 "/ca/societat-espanyola-segle-xix/" "/ca/article/societat-espanyola-segle-xix/"
Redirect 301 "/ca/introduccio-historia-de-catalunya-segle-xix/" "/ca/article/introduccio-historia-de-catalunya-segle-xix/"
Redirect 301 "/ca/bibliografia-historia-medieval/" "/ca/article/bibliografia-historia-medieval/"
Redirect 301 "/ca/europa-de-bismarck/" "/ca/article/europa-de-bismarck/"
Redirect 301 "/en/introduccio-historia-moderna-europa" "/ca/article/introduccio-historia-moderna-europa"
Redirect 301 "/fr/systeme-imperial-proche-orient-inde-japon-et-chine/" "/fr/article/systeme-imperial-proche-orient-inde-japon-et-chine/"
Redirect 301 "/ca/breu-historia-de-la-guerra-civil/" "/ca/article/breu-historia-de-la-guerra-civil/"
Redirect 301 "/fr/histoire-epoque-moderne-espagne/" "/fr/article/histoire-epoque-moderne-espagne/"
Redirect 301 "/es/historia-cataluna-siglo-xix/" "/es/article/historia-cataluna-siglo-xix/"
Redirect 301 "/en/segunda-guerra-mundial" "/en/article/segunda-guerra-mundial"
Redirect 301 "/it/partito-nazionalsocialista-tedesco-dei-lavoratori/" "/it/article/partito-nazionalsocialista-tedesco-dei-lavoratori/"
Redirect 301 "/en/george-kennan-long-telegram" "/en/article/george-kennan-long-telegram"
Redirect 301 "/ca/cristofor-colom-viatge-america/" "/ca/article/cristofor-colom-viatge-america/"
Redirect 301 "/es/berlin-alemania/" "/es/article/berlin-alemania/"
Redirect 301 "/ca/europa-entreguerres/" "/ca/article/europa-entreguerres/"
Redirect 301 "/es/dictadura-franquista-1939-1975/" "/es/article/dictadura-franquista-1939-1975/"
Redirect 301 "/en/german-national-socialist-party" "/en/article/german-national-socialist-party"
Redirect 301 "/es/genesis-orden-feudal/" "/es/article/genesis-orden-feudal/"
Redirect 301 "/ca/el-telo-acer/" "/ca/article/el-telo-acer/"
Redirect 301 "/it/partito-nazionalsocialista-tedesco-dei-lavoratori" "/it/article/partito-nazionalsocialista-tedesco-dei-lavoratori"
Redirect 301 "/ca/guerra-civil-espanyola/" "/ca/article/guerra-civil-espanyola/"
Redirect 301 "/en/le-rivoluzioni-del-1820-1830-e-1848" "/it/article/le-rivoluzioni-del-1820-1830-e-1848"
Redirect 301 "/ca/fets-octubre-1934/" "/ca/article/fets-octubre-1934/"
Redirect 301 "/fr/revolution-feodale-an-1000/" "/fr/article/revolution-feodale-an-1000/"
Redirect 301 "/en/poblacio-ciutats-europa-segle-xix" "/ca/article/poblacio-ciutats-europa-segle-xix"
Redirect 301 "/en/world-war-ii-peace-conferences" "/en/article/world-war-ii-peace-conferences"
Redirect 301 "/en/la-premiere-guerre-mondiale-1914-1918" "/fr/article/la-premiere-guerre-mondiale-1914-1918"
Redirect 301 "/fr/nazisme-montee-au-pouvoir-en-allemagne/" "/fr/article/nazisme-montee-au-pouvoir-en-allemagne/"
Redirect 301 "/ca/imperi-inca-conquesta-pizarro/" "/ca/article/imperi-inca-conquesta-pizarro/"
Redirect 301 "/ca/edat-bronze-antiguitat-tardana/" "/ca/article/edat-bronze-antiguitat-tardana/"
Redirect 301 "/en/desenvolupament-de-la-guerra-civil" "/en/article/desenvolupament-de-la-guerra-civil"
Redirect 301 "/ca/europa-finals-segle-xviii/" "/ca/article/europa-finals-segle-xviii/"
Redirect 301 "/en/efectos-economicos-crisis-bajomedieval" "/es/article/efectos-economicos-crisis-bajomedieval"
Redirect 301 "/ca/transicio-dictadura-democracia/" "/ca/article/transicio-dictadura-democracia/"
Redirect 301 "/ca/mancomunitat-catalunya/" "/ca/article/mancomunitat-catalunya/"
Redirect 301 "/en/conflictivitat-social-al-camp-desequilibris-a-la-societat-urbana" "/ca/article/conflictivitat-social-al-camp-desequilibris-a-la-societat-urbana"
Redirect 301 "/en/comtats-francs-marca-hispanica" "/ca/article/comtats-francs-marca-hispanica"
Redirect 301 "/ca/partit-nacional-socialista-dels-treballadors-alemanys/" "/ca/article/partit-nacional-socialista-dels-treballadors-alemanys/"
Redirect 301 "/ca/economia-segle-xvi/" "/ca/article/economia-segle-xvi/"
Redirect 301 "/ca/la-guerra-del-frances/" "/ca/article/la-guerra-del-frances/"
Redirect 301 "/ca/monarquia-hispanica-edat-moderna/" "/ca/article/monarquia-hispanica-edat-moderna/"
Redirect 301 "/ca/nazisme-ascens-poder/" "/ca/article/nazisme-ascens-poder/"
Redirect 301 "/es/monarquia-hispanica-edad-moderna/" "/es/article/monarquia-hispanica-edad-moderna/"
Redirect 301 "/ca/reykjavik/" "/ca/article/reykjavik/"
Redirect 301 "/it/lespansione-del-grande-capitalismo-industriale" "/it/article/lespansione-del-grande-capitalismo-industriale"
Redirect 301 "/en/josep-fontana-democracy-capitalism" "/en/article/josep-fontana-democracy-capitalism"
Redirect 301 "/it/cambiamenti-sociali-ed-economici-nel-xix-secolo/" "/it/article/cambiamenti-sociali-ed-economici-nel-xix-secolo/"
Redirect 301 "/es/capitalismo-democracia-1756-1848/" "/es/article/capitalismo-democracia-1756-1848/"
Redirect 301 "/ca/revolucio-febrer-1917/" "/ca/article/revolucio-febrer-1917/"
Redirect 301 "/camp-argelers-documental-exode-republica/" "/ca/article/camp-argelers-documental-exode-republica/"
Redirect 301 "/ca/antic-orient-proxim-ii-milenni/" "/ca/article/antic-orient-proxim-ii-milenni/"
Redirect 301 "/ca/guerra-civil-catalunya/" "/ca/article/guerra-civil-catalunya/"
Redirect 301 "/ca/economia-societat-espanya-1900-1930/" "/ca/article/economia-societat-espanya-1900-1930/"
Redirect 301 "/ca/revolucio-de-vellut-1989/" "/ca/article/revolucio-de-vellut-1989/"
Redirect 301 "/en/formacio-comtats-catalans" "/ca/article/formacio-comtats-catalans"
Redirect 301 "/ca/construccio-ideologica-economica-militar-guerra-freda/" "/ca/article/construccio-ideologica-economica-militar-guerra-freda/"
Redirect 301 "/fr/economie-xvie-siecle-expansion-coloniale/" "/fr/article/economie-xvie-siecle-expansion-coloniale/"
Redirect 301 "/ca/sexenni-revolucionari-restauracio-borbonica/" "/ca/article/sexenni-revolucionari-restauracio-borbonica/"
Redirect 301 "/ca/instalacio-del-franquisme-a-catalunya/" "/ca/article/instalacio-del-franquisme-a-catalunya/"
Redirect 301 "/en/revolucions-1820-1830-1848" "/ca/article/revolucions-1820-1830-1848"
Redirect 301 "/en/stalinism-in-the-inter-war-ussr" "/en/article/stalinism-in-the-inter-war-ussr"
Redirect 301 "/fr/la-genese-des-monarchies-feodales/" "/fr/article/la-genese-des-monarchies-feodales/"
Redirect 301 "/en/sexenni-revolucionari-restauracio-borbonica" "/ca/article/sexenni-revolucionari-restauracio-borbonica"
Redirect 301 "/fr/haut-moyen-age-societe-et-alimentation-paysanne/" "/fr/article/haut-moyen-age-societe-et-alimentation-paysanne/"
Redirect 301 "/en/revolucio-feudal-comtats-catalans" "/ca/article/revolucio-feudal-comtats-catalans"
Redirect 301 "/ca/ser-ciutada-a-la-revolucio-francesa/" "/ca/article/ser-ciutada-a-la-revolucio-francesa/"
Redirect 301 "/ca/80-anys-bombardejos-feixistes-barcelona/" "/ca/article/80-anys-bombardejos-feixistes-barcelona/"
Redirect 301 "/ca/actituds-civils-i-eclesiastiques-davant-del-primer-franquisme/" "/ca/article/actituds-civils-i-eclesiastiques-davant-del-primer-franquisme/"
Redirect 301 "/es/conferencias-de-paz-segunda-guerra-mundial" "/es/article/conferencias-de-paz-segunda-guerra-mundial"
Redirect 301 "/fr/le-stalinisme-en-urss/" "/fr/article/le-stalinisme-en-urss/"
Redirect 301 "/en/constitucional-monarchy" "/en/article/constitucional-monarchy"
Redirect 301 "/es/nazismo-ascenso-al-poder/" "/es/article/nazismo-ascenso-al-poder/"
Redirect 301 "/ca/crisi-monarquia-francesa-antic-regim/" "/ca/article/crisi-monarquia-francesa-antic-regim/"
Redirect 301 "/en/the-brandenburg-gate-in-berlin" "/en/article/the-brandenburg-gate-in-berlin"
Redirect 301 "/es/consecuencias-primera-guerra-mundial/" "/es/article/consecuencias-primera-guerra-mundial/"
Redirect 301 "/en/imperio-carolingio-carlomagno" "/es/article/imperio-carolingio-carlomagno"
Redirect 301 "/ca/mesopotamia-iv-millenni/" "/ca/article/mesopotamia-iv-millenni/"
Redirect 301 "/ca/anton-drexler/" "/ca/article/anton-drexler/"
Redirect 301 "/en/eta-napoleonica-1799-1815" "/it/article/eta-napoleonica-1799-1815"
Redirect 301 "/ca/la-illustracio-espanyola/" "/ca/article/la-illustracio-espanyola/"
Redirect 301 "/fr/la-premiere-guerre-mondiale-1914-1918/" "/fr/article/la-premiere-guerre-mondiale-1914-1918/"
Redirect 301 "/from-prehistoric-iberia-to-roman-hispania/" "/en/article/from-prehistoric-iberia-to-roman-hispania/"
Redirect 301 "/ca/practiques-agraries-abans-dels-feudals/" "/ca/article/practiques-agraries-abans-dels-feudals/"
Redirect 301 "/en/berlin-germany" "/en/article/berlin-germany"
Redirect 301 "/it/leuropa-e-il-mondo-coloniale-alla-fine-del-xviii-secolo/" "/it/article/leuropa-e-il-mondo-coloniale-alla-fine-del-xviii-secolo/"
Redirect 301 "/it/lespansione-del-grande-capitalismo-industriale/" "/it/article/lespansione-del-grande-capitalismo-industriale/"
Redirect 301 "/es/partido-nacional-socialista/" "/es/article/partido-nacional-socialista/"
Redirect 301 "/ca/poblacio-ciutats-europa-segle-xix/" "/ca/article/poblacio-ciutats-europa-segle-xix/"
Redirect 301 "/es/revolucion-de-terciopelo-1989/" "/es/article/revolucion-de-terciopelo-1989/"
Redirect 301 "/ca/primera-guerra-mundial/" "/ca/article/primera-guerra-mundial/"
Redirect 301 "/ca/antic-orient-proxim-i-millenni/" "/ca/article/antic-orient-proxim-i-millenni/"
Redirect 301 "/fr/empire-carolingien" "/fr/article/empire-carolingien"
Redirect 301 "/en/el-telo-acer" "/ca/article/el-telo-acer"
Redirect 301 "/estado-liberal-siglo-xix/" "/es/article/estado-liberal-siglo-xix/"
Redirect 301 "/ca/restauracio-borbonica-catalunya/" "/ca/article/restauracio-borbonica-catalunya/"
Redirect 301 "/fr/expansion-de-lislam-des-arabes-et-des-berberes-en-mediterranee-viii-x-siecles/" "/fr/article/expansion-de-lislam-des-arabes-et-des-berberes-en-mediterranee-viii-x-siecles/"
Redirect 301 "/fr/revolution-russe-1917/" "/fr/article/revolution-russe-1917/"
Redirect 301 "/en/cristofor-colom-viatge-america" "/en/article/cristofor-colom-viatge-america"
Redirect 301 "/en/la-illustracio-espanyola" "/en/article/la-illustracio-espanyola"
Redirect 301 "/en/revolution-of-russia-1917" "/en/article/revolution-of-russia-1917"
Redirect 301 "/es/revolucion-rusa-1917/" "/es/article/revolucion-rusa-1917/"
Redirect 301 "/it/berlino/" "/it/article/berlino/"
Redirect 301 "/ca/nova-espanya-consolidacio-conquesta/" "/ca/article/nova-espanya-consolidacio-conquesta/"
Redirect 301 "/en/the-democracies-of-interwar-europe-britain-france-and-germany" "/en/article/the-democracies-of-interwar-europe-britain-france-and-germany"
Redirect 301 "/ca/sexenni-democratic/" "/ca/article/sexenni-democratic/"
Redirect 301 "/ca/vaga-de-la-canadenca/" "/ca/article/vaga-de-la-canadenca/"
Redirect 301 "/en/crisi-colonial-1898" "/en/article/crisi-colonial-1898"
Redirect 301 "/es/liberalismo-nacionalismo-siglo-xix/" "/es/article/liberalismo-nacionalismo-siglo-xix/"
Redirect 301 "/en/il-congresso-di-vienna-e-la-restaurazione-dellordine-europeo" "/it/article/il-congresso-di-vienna-e-la-restaurazione-dellordine-europeo"
Redirect 301 "/it/liberalismo-e-nazionalismo-durante-il-xix-secolo/" "/it/article/liberalismo-e-nazionalismo-durante-il-xix-secolo/"
Redirect 301 "/fr/invasions-barbares-fin-empire/" "/fr/article/invasions-barbares-fin-empire/"
Redirect 301 "/ca/feixisme-italia/" "/ca/article/feixisme-italia/"
Redirect 301 "/ca/reforma-i-contrareforma/" "/ca/article/reforma-i-contrareforma/"
Redirect 301 "/ca/efectes-economics-i-socials-de-la-crisi-baixmedieval/" "/ca/article/efectes-economics-i-socials-de-la-crisi-baixmedieval/"
Redirect 301 "/es/transicion-espanola/" "/es/article/transicion-espanola/"
Redirect 301 "/ca/expansio-gran-capitalisme/" "/ca/article/expansio-gran-capitalisme/"
Redirect 301 "/ca/segona-guerra-mundial/" "/ca/article/segona-guerra-mundial/"
Redirect 301 "/en/fascisms-rise-to-power-in-italy" "/en/article/fascisms-rise-to-power-in-italy"
Redirect 301 "/ca/genesi-monarquies-feudals/" "/ca/article/genesi-monarquies-feudals/"
Redirect 301 "/en/partido-nacional-socialista" "/es/article/partido-nacional-socialista"
Redirect 301 "/ca/josep-fontana-por-el-bien-del-imperio/" "/ca/article/josep-fontana-por-el-bien-del-imperio/"
Redirect 301 "/ca/crisi-politica-social-restauracio/" "/ca/article/crisi-politica-social-restauracio/"
Redirect 301 "/ca/estat-liberal-segle-xix/" "/ca/article/estat-liberal-segle-xix/"
Redirect 301 "/it/eta-napoleonica-1799-1815/" "/it/article/eta-napoleonica-1799-1815/"
Redirect 301 "/ca/revisio-tractat-de-versalles/" "/ca/article/revisio-tractat-de-versalles/"
Redirect 301 "/ca/absolutisme-borbonic/" "/ca/article/absolutisme-borbonic/"
Redirect 301 "/ca/aliances-conflictes-1494-1606/" "/ca/article/aliances-conflictes-1494-1606/"
Redirect 301 "/ca/antilles-espanyoles-conquesta/" "/ca/article/antilles-espanyoles-conquesta/"
Redirect 301 "/catalanisme-politic-obrerisme/" "/ca/article/catalanisme-politic-obrerisme/"
Redirect 301 "/es/el-desastre-del-98/" "/es/article/el-desastre-del-98/"
Redirect 301 "/ca/liberalisme-nacionalisme-segle-xix/" "/ca/article/liberalisme-nacionalisme-segle-xix/"
Redirect 301 "/en/imperi-carolingi" "/ca/article/imperi-carolingi"
Redirect 301 "/ca/congres-de-viena-restauracio-ordre/" "/ca/article/congres-de-viena-restauracio-ordre/"
Redirect 301 "/it/le-rivoluzioni-del-1820-1830-e-1848/" "/it/article/le-rivoluzioni-del-1820-1830-e-1848/"
Redirect 301 "/estalinisme-urss/" "/ca/article/estalinisme-urss/"
Redirect 301 "/ca/crisi-regnat-isabel-ii/" "/ca/article/crisi-regnat-isabel-ii/"
Redirect 301 "/ca/distribucio-urbana-poblacio-espanya-segle-xix/" "/ca/article/distribucio-urbana-poblacio-espanya-segle-xix/"
Redirect 301 "/en/cristofor-colom-viatge-america" "/ca/article/cristofor-colom-viatge-america"
Redirect 301 "/en/la-illustracio-espanyola" "/es/article/la-illustracio-espanyola"
Redirect 301 "/en/revolution-of-russia-1917" "/en/article/revolution-of-russia-1917"
Redirect 301 "/es/revolucion-rusa-1917/" "/es/article/revolucion-rusa-1917/"
Redirect 301 "/it/berlino/" "/it/article/berlino/"
Redirect 301 "/ca/nova-espanya-consolidacio-conquesta/" "/ca/article/nova-espanya-consolidacio-conquesta/"
Redirect 301 "/en/the-democracies-of-interwar-europe-britain-france-and-germany" "/en/article/the-democracies-of-interwar-europe-britain-france-and-germany"
Redirect 301 "/ca/sexenni-democratic/" "/ca/article/sexenni-democratic/"
Redirect 301 "/ca/vaga-de-la-canadenca/" "/ca/article/vaga-de-la-canadenca/"
Redirect 301 "/en/crisi-colonial-1898" "/es/article/crisi-colonial-1898"
Redirect 301 "/es/liberalismo-nacionalismo-siglo-xix/" "/es/article/liberalismo-nacionalismo-siglo-xix/"
Redirect 301 "/en/il-congresso-di-vienna-e-la-restaurazione-dellordine-europeo" "/it/article/il-congresso-di-vienna-e-la-restaurazione-dellordine-europeo"
Redirect 301 "/it/liberalismo-e-nazionalismo-durante-il-xix-secolo/" "/it/article/liberalismo-e-nazionalismo-durante-il-xix-secolo/"
Redirect 301 "/fr/invasions-barbares-fin-empire/" "/fr/article/invasions-barbares-fin-empire/"
Redirect 301 "/ca/feixisme-italia/" "/ca/article/feixisme-italia/"
Redirect 301 "/ca/reforma-i-contrareforma/" "/ca/article/reforma-i-contrareforma/"
Redirect 301 "/ca/efectes-economics-i-socials-de-la-crisi-baixmedieval/" "/ca/article/efectes-economics-i-socials-de-la-crisi-baixmedieval/"
Redirect 301 "/es/transicion-espanola/" "/es/article/transicion-espanola/"
Redirect 301 "/ca/expansio-gran-capitalisme/" "/ca/article/expansio-gran-capitalisme/"
Redirect 301 "/ca/segona-guerra-mundial/" "/ca/article/segona-guerra-mundial/"
Redirect 301 "/en/fascisms-rise-to-power-in-italy" "/en/article/fascisms-rise-to-power-in-italy"
Redirect 301 "/ca/genesi-monarquies-feudals/" "/ca/article/genesi-monarquies-feudals/"
Redirect 301 "/en/partido-nacional-socialista" "/es/article/partido-nacional-socialista"
Redirect 301 "/ca/josep-fontana-por-el-bien-del-imperio/" "/ca/article/josep-fontana-por-el-bien-del-imperio/"
Redirect 301 "/ca/crisi-politica-social-restauracio/" "/ca/article/crisi-politica-social-restauracio/"
Redirect 301 "/ca/estat-liberal-segle-xix/" "/ca/article/estat-liberal-segle-xix/"
Redirect 301 "/it/eta-napoleonica-1799-1815/" "/it/article/eta-napoleonica-1799-1815/"
Redirect 301 "/ca/revisio-tractat-de-versalles/" "/ca/article/revisio-tractat-de-versalles/"
Redirect 301 "/ca/absolutisme-borbonic/" "/ca/article/absolutisme-borbonic/"
Redirect 301 "/ca/aliances-conflictes-1494-1606/" "/ca/article/aliances-conflictes-1494-1606/"
Redirect 301 "/ca/antilles-espanyoles-conquesta/" "/ca/article/antilles-espanyoles-conquesta/"
Redirect 301 "/catalanisme-politic-obrerisme/" "/ca/article/catalanisme-politic-obrerisme/"
Redirect 301 "/es/el-desastre-del-98/" "/es/article/el-desastre-del-98/"
Redirect 301 "/ca/liberalisme-nacionalisme-segle-xix/" "/ca/article/liberalisme-nacionalisme-segle-xix/"
Redirect 301 "/en/imperi-carolingi" "/ca/article/imperi-carolingi"
Redirect 301 "/ca/congres-de-viena-restauracio-ordre/" "/ca/article/congres-de-viena-restauracio-ordre/"
Redirect 301 "/it/le-rivoluzioni-del-1820-1830-e-1848/" "/it/article/le-rivoluzioni-del-1820-1830-e-1848/"
Redirect 301 "/estalinisme-urss/" "/ca/article/estalinisme-urss/"
Redirect 301 "/ca/crisi-regnat-isabel-ii/" "/ca/article/crisi-regnat-isabel-ii/"
Redirect 301 "/ca/distribucio-urbana-poblacio-espanya-segle-xix/" "/ca/article/distribucio-urbana-poblacio-espanya-segle-xix/"
Redirect 301 "/es/la-union-liberal-isabel-ii/" "/es/article/la-union-liberal-isabel-ii/"
Redirect 301 "/fr/nouvelle-carte-territoriale-de-europe-de-entre-deux-guerres/" "/fr/article/nouvelle-carte-territoriale-de-europe-de-entre-deux-guerres/"
Redirect 301 "/ca/democracies-europa-entreguerra/" "/ca/article/democracies-europa-entreguerra/"
Redirect 301 "/ca/checkpoint-charlie/" "/ca/article/checkpoint-charlie/"
Redirect 301 "/ca/comunitats-urbanes-i-rurals-segle-xvi/" "/ca/article/comunitats-urbanes-i-rurals-segle-xvi/"
Redirect 301 "/en/the-crisis-of-the-french-absolute-monarchy" "/en/article/the-crisis-of-the-french-absolute-monarchy"
Redirect 301 "/en/imperialisme-et-expansion-coloniale-au-xixe-siecle" "/fr/article/imperialisme-et-expansion-coloniale-au-xixe-siecle"
Redirect 301 "/es/revision-tratado-versalles/" "/es/article/revision-tratado-versalles/"
Redirect 301 "/ca/introduccio-historia-moderna-europa/" "/ca/article/introduccio-historia-moderna-europa/"
Redirect 301 "/en/el-mur-de-berlin" "/ca/article/el-mur-de-berlin"
Redirect 301 "/ca/monarquia-constitucional-1791-1792/" "/ca/article/monarquia-constitucional-1791-1792/"
Redirect 301 "/en/world-war-i" "/en/article/world-war-i"
Redirect 301 "/ca/restauracio-espanyola/" "/ca/article/restauracio-espanyola/"
Redirect 301 "/ca/segona-republica-periode-constituent/" "/ca/article/segona-republica-periode-constituent/"
Redirect 301 "/en/reforma-i-contrareforma" "/ca/article/reforma-i-contrareforma"
Redirect 301 "/en/imperial-system-the-middle-east-india-japan-and-china" "/en/article/imperial-system-the-middle-east-india-japan-and-china"
Redirect 301 "/ca/postdamer-platz/" "/ca/article/postdamer-platz/"
Redirect 301 "/ca/crisi-regim-de-la-restauracio/" "/ca/article/crisi-regim-de-la-restauracio/"
Redirect 301 "/ca/segona-republica-espanyola/" "/ca/article/segona-republica-espanyola/"
Redirect 301 "/ca/conferencia-wannsee/" "/ca/article/conferencia-wannsee/"
Redirect 301 "/en/memorial-holocaust" "/ca/article/memorial-holocaust"
Redirect 301 "/en/transformacions-economiques-segle-xix" "/ca/article/transformacions-economiques-segle-xix"
Redirect 301 "/ca/catalunya-dins-duna-europa-de-monarquies-compostes/" "/ca/article/catalunya-dins-duna-europa-de-monarquies-compostes/"
Redirect 301 "/ca/el-mur-de-berlin/" "/ca/article/el-mur-de-berlin/"
Redirect 301 "/en/distribucio-urbana-poblacio-espanya-segle-xix" "/en/article/distribucio-urbana-poblacio-espanya-segle-xix"
Redirect 301 "/en/reichstag" "/ca/article/reichstag"
Redirect 301 "/en/the-nazi-rise-to-power" "/en/article/the-nazi-rise-to-power"
Redirect 301 "/ca/pere-ii-el-gran-al-descobert/" "/ca/article/pere-ii-el-gran-al-descobert/"
Redirect 301 "/fr/six-ans-democratiques-espagne-1868-1874/" "/fr/article/six-ans-democratiques-espagne-1868-1874/"
Redirect 301 "/ca/ultim-cambo/" "/ca/article/ultim-cambo/"
Redirect 301 "/en/mesopotamia-iv-millenni" "/en/article/mesopotamia-iv-millenni"
Redirect 301 "/fr/montee-fascisme-pouvoir-italie/" "/fr/article/montee-fascisme-pouvoir-italie/"
Redirect 301 "/ca/crisi-colonial-1898/" "/ca/article/crisi-colonial-1898/"
Redirect 301 "/ca/reichstag/" "/ca/article/reichstag/"
Redirect 301 "/en/ministeri-aire-nazi" "/ca/article/ministeri-aire-nazi"
Redirect 301 "/es/viajes-descubrimiento-portugueses/" "/es/article/viajes-descubrimiento-portugueses/"
Redirect 301 "/es/historia-cataluna-siglo-xx/" "/es/course/historia-cataluna-siglo-xx/"
Redirect 301 "/ca/historia-medieval-europa/" "/ca/course/historia-medieval/"
Redirect 301 "/es/historia-antigua-europa-proximo-oriente/" "/es/course/historia-antigua/"
Redirect 301 "/es/historia-medieval-de-europa/" "/es/course/historia-medieval/"
Redirect 301 "/es/historia-contemporanea-europa/" "/es/course/historia-contemporanea/"
Redirect 301 "/en/history-contemporany-world/" "/en/course/contemporany-world/"
Redirect 301 "/it/storia-spagna-xix-secolo/" "/it/course/storia-secolo-xix-spagna/"
Redirect 301 "/en/history-spain-19th-century" "/en/course/19th-century-spain/"
Redirect 301 "/en/historia-catalunya-segle-xx" "/ca/course/historia-catalunya-segle-xx/"
Redirect 301 "/fr/histoire-espagne-xxe-siecle/" "/fr/course/histoire-xx-espagne/"
Redirect 301 "/en/history-of-the-united-states-of-america" "/en/course/united-states-history/"
Redirect 301 "/it/conquista-america-xvi-xviii-secolo/" "/it/course/storia-scoperta-america/"
Redirect 301 "/fr/histoire-moyen-age-europe/" "/fr/course/histoire-moyen-age/"
Redirect 301 "/en/cities" "/en/course/cities-history/"
Redirect 301 "/fr/historie-antiquite-europe-moyen-orient/" "/fr/course/antiquite/"
Redirect 301 "/it/storia-catalogna-origini-ai-giorni-nostri/" "/it/course/storia-catalogna/"
Redirect 301 "/en/history-books" "/en/course/books-history/"
Redirect 301 "/en/early-modern-history-spain" "/en/course/early-modern-spain/"
Redirect 301 "/it/cronologie/" "/it/course/storia-cronologie/"
Redirect 301 "/en/storia-medioevo-europa" "/it/course/medioevo/"
Redirect 301 "/it/storia-catalogna-medioevo/" "/it/course/storia-medioevo-catalogna/"
Redirect 301 "/en/history-article-archives" "/en/history-archives"
Redirect 301 "/it/citta/" "/it/course/storia-citta/"
Redirect 301 "/es/organizaciones/" "/es/course/historia-organizaciones/"
Redirect 301 "/es/libros-historia/" "/es/course/historia-libros/"
Redirect 301 "/fr/histoire-espagne-xixe-siecle/" "/fr/course/histoire-xix-espagne/"
Redirect 301 "/fr/histoire-catalogne-xx-siecle/" "/fr/course/histoire-xx-catalogne/"
Redirect 301 "/en/timelines" "/en/course/timelines-history/"
Redirect 301 "/fr/personnalites-histoire/" "/fr/course/histoire-personalites"
Redirect 301 "/es/historia-cataluna-origenes-1980/" "/es/course/historia-cataluna/"
Redirect 301 "/en/middle-ages-europe" "/en/course/medieval-history/"
Redirect 301 "/ca/historia-europa-antiga/" "/ca/course/historia-antiga/"
Redirect 301 "/en/history-catalonia-20th-century" "/en/course/20-century-catalonia/"
Redirect 301 "/en/story-spain-high-school-course" "/en/course/spain-history-college/"
Redirect 301 "/es/historia-estados-unidos-america/" "/es/course/historia-estados-unidos/"
Redirect 301 "/it/storia-medioevo-europa/" "/it/course/medioevo/"
Redirect 301 "/en/middle-ages-history-catalonia" "/en/course/medieval-catalonia/"
Redirect 301 "/es/historia-espana-siglo-xx/" "/es/course/historia-espana-siglo-xx/"
Redirect 301 "/es/historia-revolucion-francesa/" "/es/course/historia-revolucion-francesa/"
Redirect 301 "/fr/histoire-catalogne-origines-a-nos-jours/" "/fr/course/histoire-catalogne/"
Redirect 301 "/ca/historia-catalunya-edat-mitjana/" "/ca/course/historia-catalunya-medieval/"
Redirect 301 "/ca/autors-referencia/" "/ca/course/historia-autors/"
Redirect 301 "/es/historia-cataluna-edad-media/" "/es/course/historia-cataluna-media/"
Redirect 301 "/es/mapas-historia/" "/es/course/historia-mapas/"
Redirect 301 "/fr/histoire-contemporaine-europe-xix-xx-siecles/" "/fr/course/histoire-contemporaine/"
Redirect 301 "/en/storia-spagna-xix-secolo" "/it/course/storia-secolo-xix-spagna/"
Redirect 301 "/en/curs-historia-catalunya" "/ca/course/historia-catalunya/"
Redirect 301 "/es/historia-cataluna-edad-moderna/" "/es/course/historia-cataluna-moderna/"
Redirect 301 "/en/historians" "/en/course/authors-history/"
Redirect 301 "/es/historia-pensamiento-contemporaneo/" "/es/course/historia-pensamiento/"
Redirect 301 "/fr/histoire-espagne-cours-lycee/" "/fr/course/histoire-espagne-lycee/"
Redirect 301 "/en/ancient-history-catalonia" "/en/course/ancient-catalonia/"
Redirect 301 "/ca/historia-catalunya-edat-antiga/" "/ca/course/historia-catalunya-antiga/"
Redirect 301 "/es/espacios-interes-historico/" "/es/course/historia-lugares/"
Redirect 301 "/it/storia-catalogna-antichita/" "/it/course/storia-antica-catalogna/"
Redirect 301 "/ca/historia-europa-contemporania/" "/ca/course/historia-contemporania/"
Redirect 301 "/en/history-french-revolution" "/en/course/history-french-revolution/"
Redirect 301 "/en/history-spain-20th-century" "/en/course/20-century-spain/"
Redirect 301 "/es/historia-cataluna-edad-antigua/" "/es/course/historia-cataluna-antiguedad/"
Redirect 301 "/it/storia-spagna-xx-secolo/" "/it/course/storia-secolo-xx-spagna/"
Redirect 301 "/it/storia-eta-contemporanea/" "/it/course/storia-contemporanea/"
Redirect 301 "/en/historia-revolucion-francesa" "/es/course/historia-revolucion-francesa/"
Redirect 301 "/en/early-modern-history" "/en/course/early-modern-history/"
Redirect 301 "/it/eta-antica-in-europa-e-medio-oriente/" "/it/course/eta-antica/"
Redirect 301 "/es/historia-del-mundo-actual/" "/es/course/historia-mundo-actual/"
Redirect 301 "/ca/historia-catalunya-segle-xx/" "/ca/course/historia-catalunya-segle-xx/"
Redirect 301 "/ca/mapes-historia/" "/ca/course/historia-mapes/"
Redirect 301 "/fr/histoire-epoque-moderne-espagne/" "/fr/course/histoire-espagne-moderne/"
Redirect 301 "/es/historia-cataluna-siglo-xix/" "/es/course/historia-cataluna-siglo-xix/"
Redirect 301 "/en/historia-moderna-europa" "/es/course/historia-moderna/"
Redirect 301 "/es/conquista-y-colonizacion-america/" "/es/course/historia-conquista-america/"
Redirect 301 "/es/historia-espana-siglo-xix/" "/es/course/historia-espana-siglo-xix/"
Redirect 301 "/it/storia-della-spagna-corso-liceo/" "/it/course/storia-spagna-liceo/"
Redirect 301 "/fr/histoire-europe-moderne/" "/fr/course/histoire-moderne/"
Redirect 301 "/it/storia-rivoluzione-francese/" "/it/course/storia-rivoluzione-francese/"
Redirect 301 "/fr/conquete-colonisation-amerique/" "/fr/course/histoire-decouverte-amerique/"
Redirect 301 "/en/european-colonization-of-the-americas" "/en/course/american-conquest-history/"
Redirect 301 "/es/historia-espana-edad-moderna/" "/es/course/historia-espana-article/historia-medieval-de-europa//"
Redirect 301 "/es/historia-espana-bachillerato/" "/es/course/historia-espana-bachillerato/"
Redirect 301 "/en/historia-edat-moderna-europa" "/ca/course/historia-moderna/"
Redirect 301 "/en/ancient-history-europe-middle-east" "/en/course/ancient-history/"
Redirect 301 "/ca/historia-edat-moderna-europa/" "/ca/course/historia-moderna/"
Redirect 301 "/es/historia-medieval-de-europa/" "/es/course/historia-medieval"
Redirect 301 "/en/late-modern-history-europe-19th-20th-centuries/" "/en/course/late-modern-history"